{
  "Boredom": 0.3,
  "Engagement": 0.2,
  "Confusion": 0.44999999999999996,
  "Frustration": 0.39999999999999997
}